LetPub期刊ID,期刊全称,分区体系,原始体系名称,版本标签,年份,状态,学科层级,学科名称,分区,来源链接,抓取时间
6969,PROTEIN AND PEPTIDE LETTERS,jcr,WOS期刊JCR分区 （ 2025-2026年最新版 ）,2025-2026年最新版,,login_required,,,,https://www.letpub.com.cn/index.php?page=journalapp&view=detail&journalid=6969,2026-10-05T11:29:11.761032+00:00
6969,PROTEIN AND PEPTIDE LETTERS,xinrui,《新锐期刊分区表》 （ 2026年3月发布 ）,2026年3月发布,2026,ok,major,生物学,4区,https://www.letpub.com.cn/index.php?page=journalapp&view=detail&journalid=6969,2026-10-05T11:29:11.761032+00:00
6969,PROTEIN AND PEPTIDE LETTERS,xinrui,《新锐期刊分区表》 （ 2026年3月发布 ）,2026年3月发布,2026,ok,minor,BIOCHEMISTRY & MOLECULAR BIOLOGY 生化与分子生物学,4区,https://www.letpub.com.cn/index.php?page=journalapp&view=detail&journalid=6969,2026-10-05T11:29:11.761032+00:00
6969,PROTEIN AND PEPTIDE LETTERS,journal_partition,期刊分区表 （ 2025年3月升级版 ）,2025年3月升级版,2025,ok,major,生物学,4区,https://www.letpub.com.cn/index.php?page=journalapp&view=detail&journalid=6969,2026-10-05T11:29:11.761032+00:00
6969,PROTEIN AND PEPTIDE LETTERS,journal_partition,期刊分区表 （ 2025年3月升级版 ）,2025年3月升级版,2025,ok,minor,BIOCHEMISTRY & MOLECULAR BIOLOGY 生化与分子生物学,4区,https://www.letpub.com.cn/index.php?page=journalapp&view=detail&journalid=6969,2026-10-05T11:29:11.761032+00:00
6054,NATURE,jcr,WOS期刊JCR分区 （ 2025-2026年最新版 ）,2025-2026年最新版,,login_required,,,,https://www.letpub.com.cn/index.php?page=journalapp&view=detail&journalid=6054,2026-10-05T11:29:17.524964+00:00
6054,NATURE,xinrui,《新锐期刊分区表》 （ 2026年3月发布 ）,2026年3月发布,2026,ok,major,综合性期刊,1区,https://www.letpub.com.cn/index.php?page=journalapp&view=detail&journalid=6054,2026-10-05T11:29:17.524964+00:00
6054,NATURE,xinrui,《新锐期刊分区表》 （ 2026年3月发布 ）,2026年3月发布,2026,ok,minor,MULTIDISCIPLINARY SCIENCES 综合性期刊,1区,https://www.letpub.com.cn/index.php?page=journalapp&view=detail&journalid=6054,2026-10-05T11:29:17.524964+00:00
6054,NATURE,journal_partition,期刊分区表 （ 2025年3月升级版 ）,2025年3月升级版,2025,ok,major,综合性期刊,1区,https://www.letpub.com.cn/index.php?page=journalapp&view=detail&journalid=6054,2026-10-05T11:29:17.524964+00:00
6054,NATURE,journal_partition,期刊分区表 （ 2025年3月升级版 ）,2025年3月升级版,2025,ok,minor,MULTIDISCIPLINARY SCIENCES 综合性期刊,1区,https://www.letpub.com.cn/index.php?page=journalapp&view=detail&journalid=6054,2026-10-05T11:29:17.524964+00:00
7393,SCIENCE,jcr,WOS期刊JCR分区 （ 2025-2026年最新版 ）,2025-2026年最新版,,login_required,,,,https://www.letpub.com.cn/index.php?page=journalapp&view=detail&journalid=7393,2026-10-05T11:29:25.083360+00:00
7393,SCIENCE,xinrui,《新锐期刊分区表》 （ 2026年3月发布 ）,2026年3月发布,2026,ok,major,综合性期刊,1区,https://www.letpub.com.cn/index.php?page=journalapp&view=detail&journalid=7393,2026-10-05T11:29:25.083360+00:00
7393,SCIENCE,xinrui,《新锐期刊分区表》 （ 2026年3月发布 ）,2026年3月发布,2026,ok,minor,MULTIDISCIPLINARY SCIENCES 综合性期刊,1区,https://www.letpub.com.cn/index.php?page=journalapp&view=detail&journalid=7393,2026-10-05T11:29:25.083360+00:00
7393,SCIENCE,journal_partition,期刊分区表 （ 2025年3月升级版 ）,2025年3月升级版,2025,ok,major,综合性期刊,1区,https://www.letpub.com.cn/index.php?page=journalapp&view=detail&journalid=7393,2026-10-05T11:29:25.083360+00:00
7393,SCIENCE,journal_partition,期刊分区表 （ 2025年3月升级版 ）,2025年3月升级版,2025,ok,minor,MULTIDISCIPLINARY SCIENCES 综合性期刊,1区,https://www.letpub.com.cn/index.php?page=journalapp&view=detail&journalid=7393,2026-10-05T11:29:25.083360+00:00
1562,CELL,jcr,WOS期刊JCR分区 （ 2025-2026年最新版 ）,2025-2026年最新版,,login_required,,,,https://www.letpub.com.cn/index.php?page=journalapp&view=detail&journalid=1562,2026-10-05T11:29:31.578572+00:00
1562,CELL,xinrui,《新锐期刊分区表》 （ 2026年3月发布 ）,2026年3月发布,2026,ok,major,生物学,1区,https://www.letpub.com.cn/index.php?page=journalapp&view=detail&journalid=1562,2026-10-05T11:29:31.578572+00:00
1562,CELL,xinrui,《新锐期刊分区表》 （ 2026年3月发布 ）,2026年3月发布,2026,ok,minor,BIOCHEMISTRY & MOLECULAR BIOLOGY 生化与分子生物学,1区,https://www.letpub.com.cn/index.php?page=journalapp&view=detail&journalid=1562,2026-10-05T11:29:31.578572+00:00
1562,CELL,xinrui,《新锐期刊分区表》 （ 2026年3月发布 ）,2026年3月发布,2026,ok,minor,CELL BIOLOGY 细胞生物学,1区,https://www.letpub.com.cn/index.php?page=journalapp&view=detail&journalid=1562,2026-10-05T11:29:31.578572+00:00
1562,CELL,journal_partition,期刊分区表 （ 2025年3月升级版 ）,2025年3月升级版,2025,ok,major,生物学,1区,https://www.letpub.com.cn/index.php?page=journalapp&view=detail&journalid=1562,2026-10-05T11:29:31.578572+00:00
1562,CELL,journal_partition,期刊分区表 （ 2025年3月升级版 ）,2025年3月升级版,2025,ok,minor,BIOCHEMISTRY & MOLECULAR BIOLOGY 生化与分子生物学,1区,https://www.letpub.com.cn/index.php?page=journalapp&view=detail&journalid=1562,2026-10-05T11:29:31.578572+00:00
1562,CELL,journal_partition,期刊分区表 （ 2025年3月升级版 ）,2025年3月升级版,2025,ok,minor,CELL BIOLOGY 细胞生物学,1区,https://www.letpub.com.cn/index.php?page=journalapp&view=detail&journalid=1562,2026-10-05T11:29:31.578572+00:00
6775,PLoS One,jcr,WOS期刊JCR分区 （ 2025-2026年最新版 ）,2025-2026年最新版,,login_required,,,,https://www.letpub.com.cn/index.php?page=journalapp&view=detail&journalid=6775,2026-10-05T11:29:41.920547+00:00
6775,PLoS One,xinrui,《新锐期刊分区表》 （ 2026年3月发布 ）,2026年3月发布,2026,ok,major,综合性期刊,3区,https://www.letpub.com.cn/index.php?page=journalapp&view=detail&journalid=6775,2026-10-05T11:29:41.920547+00:00
6775,PLoS One,xinrui,《新锐期刊分区表》 （ 2026年3月发布 ）,2026年3月发布,2026,ok,minor,MULTIDISCIPLINARY SCIENCES 综合性期刊,3区,https://www.letpub.com.cn/index.php?page=journalapp&view=detail&journalid=6775,2026-10-05T11:29:41.920547+00:00
6775,PLoS One,journal_partition,期刊分区表 （ 2025年3月升级版 ）,2025年3月升级版,2025,ok,major,综合性期刊,3区,https://www.letpub.com.cn/index.php?page=journalapp&view=detail&journalid=6775,2026-10-05T11:29:41.920547+00:00
6775,PLoS One,journal_partition,期刊分区表 （ 2025年3月升级版 ）,2025年3月升级版,2025,ok,minor,MULTIDISCIPLINARY SCIENCES 综合性期刊,3区,https://www.letpub.com.cn/index.php?page=journalapp&view=detail&journalid=6775,2026-10-05T11:29:41.920547+00:00
